<?xml version="1.0" encoding="UTF-8"?>
<project-private xmlns="http://www.netbeans.org/ns/project-private/1">
    <editor-bookmarks xmlns="http://www.netbeans.org/ns/editor-bookmarks/2" lastBookmarkId="0"/>
    <open-files xmlns="http://www.netbeans.org/ns/projectui-open-files/2">
        <group>
            <file>file:/C:/Users/pandi/OneDrive/Documents/NetBeansProjects/lib/src/lib/Home.java</file>
            <file>file:/C:/Users/pandi/OneDrive/Documents/NetBeansProjects/lib/src/lib/Signupp.java</file>
            <file>file:/C:/Users/pandi/OneDrive/Documents/NetBeansProjects/lib/src/lib/Returnbook.java</file>
            <file>file:/C:/Users/pandi/OneDrive/Documents/NetBeansProjects/lib/src/lib/AddStudent.java</file>
            <file>file:/C:/Users/pandi/OneDrive/Documents/NetBeansProjects/lib/src/lib/abt.java</file>
            <file>file:/C:/Users/pandi/OneDrive/Documents/NetBeansProjects/lib/src/lib/Issuebook.java</file>
            <file>file:/C:/Users/pandi/OneDrive/Documents/NetBeansProjects/lib/src/lib/Statistics.java</file>
            <file>file:/C:/Users/pandi/OneDrive/Documents/NetBeansProjects/lib/src/lib/Addbook.java</file>
            <file>file:/C:/Users/pandi/OneDrive/Documents/NetBeansProjects/lib/src/lib/conn.java</file>
            <file>file:/C:/Users/pandi/OneDrive/Documents/NetBeansProjects/lib/src/lib/login.java</file>
        </group>
    </open-files>
</project-private>
